"0","str(full.df)"
"1","tibble [586 x 37]"
"1",""
"1"," (S3: "
"1",""
"1","grouped_df/tbl_df/tbl/data.frame"
"1",""
"1",")"
"1",""
"1","
"
"1"," "
"1",""
"1","$ "
"1",""
"1","RID                     "
"1",""
"1",":"
"1"," int [1:586] "
"1",""
"1","31 31 56 56 56 69 69 69 96 96"
"1",""
"1"," ..."
"1",""
"1","
"
"1"," "
"1",""
"1","$ "
"1",""
"1","VISCODE2                "
"1",""
"1",":"
"1"," chr [1:586] "
"1",""
"1","""m144"" ""m156"" ""m144"" ""m156"""
"1",""
"1"," ..."
"1",""
"1","
"
"1"," "
"1",""
"1","$ "
"1",""
"1","EXAMDATE                "
"1",""
"1",":"
"1"," "
"1",""
"1","Date"
"1",""
"1","[1:586]"
"1",""
"1",", format: "
"1",""
"1","""2018-04-24"" ""2019-04-23"" ""2018-02-20"""
"1",""
"1"," ..."
"1",""
"1","
"
"1"," "
"1",""
"1","$ "
"1",""
"1","amygdala                "
"1",""
"1",":"
"1"," num [1:586] "
"1",""
"1","3.407 11.684 9.215 0.718 1.209"
"1",""
"1"," ..."
"1",""
"1","
"
"1"," "
"1",""
"1","$ "
"1",""
"1","bankssts                "
"1",""
"1",":"
"1"," num [1:586] "
"1",""
"1","4.37 13.59 19.85 1.1 1.23"
"1",""
"1"," ..."
"1",""
"1","
"
"1"," "
"1",""
"1","$ "
"1",""
"1","caudalanteriorcingulate "
"1",""
"1",":"
"1"," num [1:586] "
"1",""
"1","3.86 12.853 10.023 0.627 0.869"
"1",""
"1"," ..."
"1",""
"1","
"
"1"," "
"1",""
"1","$ "
"1",""
"1","cuneus                  "
"1",""
"1",":"
"1"," num [1:586] "
"1",""
"1","5.068 15.032 12.777 0.606 1.018"
"1",""
"1"," ..."
"1",""
"1","
"
"1"," "
"1",""
"1","$ "
"1",""
"1","entorhinal              "
"1",""
"1",":"
"1"," num [1:586] "
"1",""
"1","2.209 15.515 10.671 0.719 1.143"
"1",""
"1"," ..."
"1",""
"1","
"
"1"," "
"1",""
"1","$ "
"1",""
"1","fusiform                "
"1",""
"1",":"
"1"," num [1:586] "
"1",""
"1","4.981 14.929 19.363 0.848 0.672"
"1",""
"1"," ..."
"1",""
"1","
"
"1"," "
"1",""
"1","$ "
"1",""
"1","hippocampus             "
"1",""
"1",":"
"1"," num [1:586] "
"1",""
"1","3.943 9.058 11.609 0.722 0.761"
"1",""
"1"," ..."
"1",""
"1","
"
"1"," "
"1",""
"1","$ "
"1",""
"1","inferiorparietal        "
"1",""
"1",":"
"1"," num [1:586] "
"1",""
"1","6.701 23.563 8.92 0.566 1.161"
"1",""
"1"," ..."
"1",""
"1","
"
"1"," "
"1",""
"1","$ "
"1",""
"1","inferiortemporal        "
"1",""
"1",":"
"1"," num [1:586] "
"1",""
"1","4.886 14.126 13.776 0.962 1.253"
"1",""
"1"," ..."
"1",""
"1","
"
"1"," "
"1",""
"1","$ "
"1",""
"1","insula                  "
"1",""
"1",":"
"1"," num [1:586] "
"1",""
"1","3.713 12.511 10.643 0.526 0.958"
"1",""
"1"," ..."
"1",""
"1","
"
"1"," "
"1",""
"1","$ "
"1",""
"1","isthmuscingulate        "
"1",""
"1",":"
"1"," num [1:586] "
"1",""
"1","4.271 12.47 14.818 0.525 0.686"
"1",""
"1"," ..."
"1",""
"1","
"
"1"," "
"1",""
"1","$ "
"1",""
"1","lateraloccipital        "
"1",""
"1",":"
"1"," num [1:586] "
"1",""
"1","6.346 23.661 17.155 0.853 0.853"
"1",""
"1"," ..."
"1",""
"1","
"
"1"," "
"1",""
"1","$ "
"1",""
"1","lingual                 "
"1",""
"1",":"
"1"," num [1:586] "
"1",""
"1","4.591 11.947 14.609 0.633 0.874"
"1",""
"1"," ..."
"1",""
"1","
"
"1"," "
"1",""
"1","$ "
"1",""
"1","middlefr                "
"1",""
"1",":"
"1"," num [1:586] "
"1",""
"1","3.499 16.865 7.813 0.486 1.122"
"1",""
"1"," ..."
"1",""
"1","
"
"1"," "
"1",""
"1","$ "
"1",""
"1","middletemporal          "
"1",""
"1",":"
"1"," num [1:586] "
"1",""
"1","4.684 14.276 8.208 0.697 1.369"
"1",""
"1"," ..."
"1",""
"1","
"
"1"," "
"1",""
"1","$ "
"1",""
"1","orbitofr                "
"1",""
"1",":"
"1"," num [1:586] "
"1",""
"1","4.629 16.458 12.738 0.698 0.994"
"1",""
"1"," ..."
"1",""
"1","
"
"1"," "
"1",""
"1","$ "
"1",""
"1","paracentral             "
"1",""
"1",":"
"1"," num [1:586] "
"1",""
"1","3.909 11.529 12.955 0.669 1.005"
"1",""
"1"," ..."
"1",""
"1","
"
"1"," "
"1",""
"1","$ "
"1",""
"1","parahippocampal         "
"1",""
"1",":"
"1"," num [1:586] "
"1",""
"1","2.76 16.62 12.15 0.61 1.05"
"1",""
"1"," ..."
"1",""
"1","
"
"1"," "
"1",""
"1","$ "
"1",""
"1","parsfr                  "
"1",""
"1",":"
"1"," num [1:586] "
"1",""
"1","4.102 15.542 14.228 0.62 0.938"
"1",""
"1"," ..."
"1",""
"1","
"
"1"," "
"1",""
"1","$ "
"1",""
"1","pericalcarine           "
"1",""
"1",":"
"1"," num [1:586] "
"1",""
"1","3.975 12.746 9.391 0.549 0.884"
"1",""
"1"," ..."
"1",""
"1","
"
"1"," "
"1",""
"1","$ "
"1",""
"1","postcentral             "
"1",""
"1",":"
"1"," num [1:586] "
"1",""
"1","3.378 14.07 14.106 0.648 1.001"
"1",""
"1"," ..."
"1",""
"1","
"
"1"," "
"1",""
"1","$ "
"1",""
"1","posteriorcingulate      "
"1",""
"1",":"
"1"," num [1:586] "
"1",""
"1","2.463 11.472 11.696 0.62 0.867"
"1",""
"1"," ..."
"1",""
"1","
"
"1"," "
"1",""
"1","$ "
"1",""
"1","precentral              "
"1",""
"1",":"
"1"," num [1:586] "
"1",""
"1","4.371 13.185 10.322 0.62 0.652"
"1",""
"1"," ..."
"1",""
"1","
"
"1"," "
"1",""
"1","$ "
"1",""
"1","precuneus               "
"1",""
"1",":"
"1"," num [1:586] "
"1",""
"1","1.738 9.159 10.021 0.936 1.223"
"1",""
"1"," ..."
"1",""
"1","
"
"1"," "
"1",""
"1","$ "
"1",""
"1","rostralanteriorcingulate"
"1",""
"1",":"
"1"," num [1:586] "
"1",""
"1","4.516 15.242 11.044 0.684 0.791"
"1",""
"1"," ..."
"1",""
"1","
"
"1"," "
"1",""
"1","$ "
"1",""
"1","superiorfrontal         "
"1",""
"1",":"
"1"," num [1:586] "
"1",""
"1","4.162 12.627 15.799 0.549 0.882"
"1",""
"1"," ..."
"1",""
"1","
"
"1"," "
"1",""
"1","$ "
"1",""
"1","superiorparietal        "
"1",""
"1",":"
"1"," num [1:586] "
"1",""
"1","5.042 20.393 13.962 0.486 0.935"
"1",""
"1"," ..."
"1",""
"1","
"
"1"," "
"1",""
"1","$ "
"1",""
"1","superiortemporal        "
"1",""
"1",":"
"1"," num [1:586] "
"1",""
"1","3.929 16.614 13.61 0.625 0.706"
"1",""
"1"," ..."
"1",""
"1","
"
"1"," "
"1",""
"1","$ "
"1",""
"1","supramarginal           "
"1",""
"1",":"
"1"," num [1:586] "
"1",""
"1","3.52 16.45 15.15 0.69 1.15"
"1",""
"1"," ..."
"1",""
"1","
"
"1"," "
"1",""
"1","$ "
"1",""
"1","temporalpole            "
"1",""
"1",":"
"1"," num [1:586] "
"1",""
"1","4.382 16.595 16.262 0.604 0.871"
"1",""
"1"," ..."
"1",""
"1","
"
"1"," "
"1",""
"1","$ "
"1",""
"1","transversetemporal      "
"1",""
"1",":"
"1"," num [1:586] "
"1",""
"1","2.565 13.554 9.961 0.458 0.847"
"1",""
"1"," ..."
"1",""
"1","
"
"1"," "
"1",""
"1","$ "
"1",""
"1","AGE                     "
"1",""
"1",":"
"1"," num [1:586] "
"1",""
"1","56.6 80.6 81.3 71.2 63.4"
"1",""
"1"," ..."
"1",""
"1","
"
"1"," "
"1",""
"1","$ "
"1",""
"1","PTGENDER                "
"1",""
"1",":"
"1"," chr [1:586] "
"1",""
"1","""Male"" ""Male"" ""Male"" ""Male"""
"1",""
"1"," ..."
"1",""
"1","
"
"1"," "
"1",""
"1","$ "
"1",""
"1","CDRSB                   "
"1",""
"1",":"
"1"," num [1:586] "
"1",""
"1","0.221 0.069 -1.222 3.439 4.209"
"1",""
"1"," ..."
"1",""
"1","
"
"1"," "
"1",""
"1","- attr(*, ""groups"")="
"1"," "
"1","tibble [247 x 2]"
"1",""
"1"," (S3: "
"1",""
"1","tbl_df/tbl/data.frame"
"1",""
"1",")"
"1",""
"1","
"
"1","  .."
"1",""
"1","$ "
"1",""
"1","RID  "
"1",""
"1",":"
"1"," int [1:247] "
"1",""
"1","31 56 69 96 112 377 416 467 618 668"
"1",""
"1"," ..."
"1",""
"1","
"
"1","  .."
"1",""
"1","$ "
"1",""
"1",".rows"
"1",""
"1",":"
"1"," "
"1","list<int> [1:247] 
"
"1","  .. .."
"1",""
"1","$ "
"1",""
"1",""
"1",""
"1",":"
"1"," int [1:2] "
"1",""
"1","1 2"
"1",""
"1","
"
"1","  .. .."
"1",""
"1","$ "
"1",""
"1",""
"1",""
"1",":"
"1"," int [1:3] "
"1",""
"1","3 4 5"
"1",""
"1","
"
"1","  .. .."
"1",""
"1","$ "
"1",""
"1",""
"1",""
"1",":"
"1"," int [1:3] "
"1",""
"1","6 7 8"
"1",""
"1","
"
"1","  .. .."
"1",""
"1","$ "
"1",""
"1",""
"1",""
"1",":"
"1"," int [1:3] "
"1",""
"1","9 10 11"
"1",""
"1","
"
"1","  .. .."
"1",""
"1","$ "
"1",""
"1",""
"1",""
"1",":"
"1"," int [1:3] "
"1",""
"1","12 13 14"
"1",""
"1","
"
"1","  .. .."
"1",""
"1","$ "
"1",""
"1",""
"1",""
"1",":"
"1"," int [1:3] "
"1",""
"1","15 16 17"
"1",""
"1","
"
"1","  .. .."
"1",""
"1","$ "
"1",""
"1",""
"1",""
"1",":"
"1"," int [1:2] "
"1",""
"1","18 19"
"1",""
"1","
"
"1","  .. .."
"1",""
"1","$ "
"1",""
"1",""
"1",""
"1",":"
"1"," int [1:2] "
"1",""
"1","20 21"
"1",""
"1","
"
"1","  .. .."
"1",""
"1","$ "
"1",""
"1",""
"1",""
"1",":"
"1"," int [1:2] "
"1",""
"1","22 23"
"1",""
"1","
"
"1","  .. .."
"1",""
"1","$ "
"1",""
"1",""
"1",""
"1",":"
"1"," int [1:2] "
"1",""
"1","24 25"
"1",""
"1","
"
"1","  .. .."
"1",""
"1","$ "
"1",""
"1",""
"1",""
"1",":"
"1"," int [1:2] "
"1",""
"1","26 27"
"1",""
"1","
"
"1","  .. .."
"1",""
"1","$ "
"1",""
"1",""
"1",""
"1",":"
"1"," int [1:2] "
"1",""
"1","28 29"
"1",""
"1","
"
"1","  .. .."
"1",""
"1","$ "
"1",""
"1",""
"1",""
"1",":"
"1"," int [1:3] "
"1",""
"1","30 31 32"
"1",""
"1","
"
"1","  .. .."
"1",""
"1","$ "
"1",""
"1",""
"1",""
"1",":"
"1"," int [1:2] "
"1",""
"1","33 34"
"1",""
"1","
"
"1","  .. .."
"1",""
"1","$ "
"1",""
"1",""
"1",""
"1",":"
"1"," int [1:3] "
"1",""
"1","35 36 37"
"1",""
"1","
"
"1","  .. .."
"1",""
"1","$ "
"1",""
"1",""
"1",""
"1",":"
"1"," int [1:2] "
"1",""
"1","38 39"
"1",""
"1","
"
"1","  .. .."
"1",""
"1","$ "
"1",""
"1",""
"1",""
"1",":"
"1"," int [1:4] "
"1",""
"1","40 41 42 43"
"1",""
"1","
"
"1","  .. .."
"1",""
"1","$ "
"1",""
"1",""
"1",""
"1",":"
"1"," int [1:2] "
"1",""
"1","44 45"
"1",""
"1","
"
"1","  .. .."
"1",""
"1","$ "
"1",""
"1",""
"1",""
"1",":"
"1"," int [1:2] "
"1",""
"1","46 47"
"1",""
"1","
"
"1","  .. .."
"1",""
"1","$ "
"1",""
"1",""
"1",""
"1",":"
"1"," int [1:3] "
"1",""
"1","48 49 50"
"1",""
"1","
"
"1","  .. .."
"1",""
"1","$ "
"1",""
"1",""
"1",""
"1",":"
"1"," int [1:3] "
"1",""
"1","51 52 53"
"1",""
"1","
"
"1","  .. .."
"1",""
"1","$ "
"1",""
"1",""
"1",""
"1",":"
"1"," int [1:2] "
"1",""
"1","54 55"
"1",""
"1","
"
"1","  .. .."
"1",""
"1","$ "
"1",""
"1",""
"1",""
"1",":"
"1"," int [1:3] "
"1",""
"1","56 57 58"
"1",""
"1","
"
"1","  .. .."
"1",""
"1","$ "
"1",""
"1",""
"1",""
"1",":"
"1"," int [1:2] "
"1",""
"1","59 60"
"1",""
"1","
"
"1","  .. .."
"1",""
"1","$ "
"1",""
"1",""
"1",""
"1",":"
"1"," int [1:2] "
"1",""
"1","61 62"
"1",""
"1","
"
"1","  .. .."
"1",""
"1","$ "
"1",""
"1",""
"1",""
"1",":"
"1"," int [1:5] "
"1",""
"1","63 64 65 66 67"
"1",""
"1","
"
"1","  .. .."
"1",""
"1","$ "
"1",""
"1",""
"1",""
"1",":"
"1"," int [1:3] "
"1",""
"1","68 69 70"
"1",""
"1","
"
"1","  .. .."
"1",""
"1","$ "
"1",""
"1",""
"1",""
"1",":"
"1"," int [1:2] "
"1",""
"1","71 72"
"1",""
"1","
"
"1","  .. .."
"1",""
"1","$ "
"1",""
"1",""
"1",""
"1",":"
"1"," int [1:4] "
"1",""
"1","73 74 75 76"
"1",""
"1","
"
"1","  .. .."
"1",""
"1","$ "
"1",""
"1",""
"1",""
"1",":"
"1"," int [1:2] "
"1",""
"1","77 78"
"1",""
"1","
"
"1","  .. .."
"1",""
"1","$ "
"1",""
"1",""
"1",""
"1",":"
"1"," int [1:4] "
"1",""
"1","79 80 81 82"
"1",""
"1","
"
"1","  .. .."
"1",""
"1","$ "
"1",""
"1",""
"1",""
"1",":"
"1"," int [1:3] "
"1",""
"1","83 84 85"
"1",""
"1","
"
"1","  .. .."
"1",""
"1","$ "
"1",""
"1",""
"1",""
"1",":"
"1"," int [1:2] "
"1",""
"1","86 87"
"1",""
"1","
"
"1","  .. .."
"1",""
"1","$ "
"1",""
"1",""
"1",""
"1",":"
"1"," int [1:2] "
"1",""
"1","88 89"
"1",""
"1","
"
"1","  .. .."
"1",""
"1","$ "
"1",""
"1",""
"1",""
"1",":"
"1"," int [1:3] "
"1",""
"1","90 91 92"
"1",""
"1","
"
"1","  .. .."
"1",""
"1","$ "
"1",""
"1",""
"1",""
"1",":"
"1"," int [1:2] "
"1",""
"1","93 94"
"1",""
"1","
"
"1","  .. .."
"1",""
"1","$ "
"1",""
"1",""
"1",""
"1",":"
"1"," int [1:2] "
"1",""
"1","95 96"
"1",""
"1","
"
"1","  .. .."
"1",""
"1","$ "
"1",""
"1",""
"1",""
"1",":"
"1"," int [1:3] "
"1",""
"1","97 98 99"
"1",""
"1","
"
"1","  .. .."
"1",""
"1","$ "
"1",""
"1",""
"1",""
"1",":"
"1"," int [1:2] "
"1",""
"1","100 101"
"1",""
"1","
"
"1","  .. .."
"1",""
"1","$ "
"1",""
"1",""
"1",""
"1",":"
"1"," int [1:4] "
"1",""
"1","102 103 104 105"
"1",""
"1","
"
"1","  .. .."
"1",""
"1","$ "
"1",""
"1",""
"1",""
"1",":"
"1"," int [1:2] "
"1",""
"1","106 107"
"1",""
"1","
"
"1","  .. .."
"1",""
"1","$ "
"1",""
"1",""
"1",""
"1",":"
"1"," int [1:2] "
"1",""
"1","108 109"
"1",""
"1","
"
"1","  .. .."
"1",""
"1","$ "
"1",""
"1",""
"1",""
"1",":"
"1"," int [1:2] "
"1",""
"1","110 111"
"1",""
"1","
"
"1","  .. .."
"1",""
"1","$ "
"1",""
"1",""
"1",""
"1",":"
"1"," int [1:2] "
"1",""
"1","112 113"
"1",""
"1","
"
"1","  .. .."
"1",""
"1","$ "
"1",""
"1",""
"1",""
"1",":"
"1"," int [1:3] "
"1",""
"1","114 115 116"
"1",""
"1","
"
"1","  .. .."
"1",""
"1","$ "
"1",""
"1",""
"1",""
"1",":"
"1"," int [1:3] "
"1",""
"1","117 118 119"
"1",""
"1","
"
"1","  .. .."
"1",""
"1","$ "
"1",""
"1",""
"1",""
"1",":"
"1"," int [1:4] "
"1",""
"1","120 121 122 123"
"1",""
"1","
"
"1","  .. .."
"1",""
"1","$ "
"1",""
"1",""
"1",""
"1",":"
"1"," int [1:2] "
"1",""
"1","124 125"
"1",""
"1","
"
"1","  .. .."
"1",""
"1","$ "
"1",""
"1",""
"1",""
"1",":"
"1"," int [1:2] "
"1",""
"1","126 127"
"1",""
"1","
"
"1","  .. .."
"1",""
"1","$ "
"1",""
"1",""
"1",""
"1",":"
"1"," int [1:2] "
"1",""
"1","128 129"
"1",""
"1","
"
"1","  .. .."
"1",""
"1","$ "
"1",""
"1",""
"1",""
"1",":"
"1"," int [1:2] "
"1",""
"1","130 131"
"1",""
"1","
"
"1","  .. .."
"1",""
"1","$ "
"1",""
"1",""
"1",""
"1",":"
"1"," int [1:3] "
"1",""
"1","132 133 134"
"1",""
"1","
"
"1","  .. .."
"1",""
"1","$ "
"1",""
"1",""
"1",""
"1",":"
"1"," int [1:3] "
"1",""
"1","135 136 137"
"1",""
"1","
"
"1","  .. .."
"1",""
"1","$ "
"1",""
"1",""
"1",""
"1",":"
"1"," int [1:2] "
"1",""
"1","138 139"
"1",""
"1","
"
"1","  .. .."
"1",""
"1","$ "
"1",""
"1",""
"1",""
"1",":"
"1"," int [1:2] "
"1",""
"1","140 141"
"1",""
"1","
"
"1","  .. .."
"1",""
"1","$ "
"1",""
"1",""
"1",""
"1",":"
"1"," int [1:2] "
"1",""
"1","142 143"
"1",""
"1","
"
"1","  .. .."
"1",""
"1","$ "
"1",""
"1",""
"1",""
"1",":"
"1"," int [1:2] "
"1",""
"1","144 145"
"1",""
"1","
"
"1","  .. .."
"1",""
"1","$ "
"1",""
"1",""
"1",""
"1",":"
"1"," int [1:2] "
"1",""
"1","146 147"
"1",""
"1","
"
"1","  .. .."
"1",""
"1","$ "
"1",""
"1",""
"1",""
"1",":"
"1"," int [1:3] "
"1",""
"1","148 149 150"
"1",""
"1","
"
"1","  .. .."
"1",""
"1","$ "
"1",""
"1",""
"1",""
"1",":"
"1"," int [1:2] "
"1",""
"1","151 152"
"1",""
"1","
"
"1","  .. .."
"1",""
"1","$ "
"1",""
"1",""
"1",""
"1",":"
"1"," int [1:2] "
"1",""
"1","153 154"
"1",""
"1","
"
"1","  .. .."
"1",""
"1","$ "
"1",""
"1",""
"1",""
"1",":"
"1"," int [1:3] "
"1",""
"1","155 156 157"
"1",""
"1","
"
"1","  .. .."
"1",""
"1","$ "
"1",""
"1",""
"1",""
"1",":"
"1"," int [1:4] "
"1",""
"1","158 159 160 161"
"1",""
"1","
"
"1","  .. .."
"1",""
"1","$ "
"1",""
"1",""
"1",""
"1",":"
"1"," int [1:2] "
"1",""
"1","162 163"
"1",""
"1","
"
"1","  .. .."
"1",""
"1","$ "
"1",""
"1",""
"1",""
"1",":"
"1"," int [1:2] "
"1",""
"1","164 165"
"1",""
"1","
"
"1","  .. .."
"1",""
"1","$ "
"1",""
"1",""
"1",""
"1",":"
"1"," int [1:2] "
"1",""
"1","166 167"
"1",""
"1","
"
"1","  .. .."
"1",""
"1","$ "
"1",""
"1",""
"1",""
"1",":"
"1"," int [1:3] "
"1",""
"1","168 169 170"
"1",""
"1","
"
"1","  .. .."
"1",""
"1","$ "
"1",""
"1",""
"1",""
"1",":"
"1"," int [1:2] "
"1",""
"1","171 172"
"1",""
"1","
"
"1","  .. .."
"1",""
"1","$ "
"1",""
"1",""
"1",""
"1",":"
"1"," int [1:3] "
"1",""
"1","173 174 175"
"1",""
"1","
"
"1","  .. .."
"1",""
"1","$ "
"1",""
"1",""
"1",""
"1",":"
"1"," int [1:2] "
"1",""
"1","176 177"
"1",""
"1","
"
"1","  .. .."
"1",""
"1","$ "
"1",""
"1",""
"1",""
"1",":"
"1"," int [1:2] "
"1",""
"1","178 179"
"1",""
"1","
"
"1","  .. .."
"1",""
"1","$ "
"1",""
"1",""
"1",""
"1",":"
"1"," int [1:3] "
"1",""
"1","180 181 182"
"1",""
"1","
"
"1","  .. .."
"1",""
"1","$ "
"1",""
"1",""
"1",""
"1",":"
"1"," int [1:2] "
"1",""
"1","183 184"
"1",""
"1","
"
"1","  .. .."
"1",""
"1","$ "
"1",""
"1",""
"1",""
"1",":"
"1"," int [1:2] "
"1",""
"1","185 186"
"1",""
"1","
"
"1","  .. .."
"1",""
"1","$ "
"1",""
"1",""
"1",""
"1",":"
"1"," int [1:3] "
"1",""
"1","187 188 189"
"1",""
"1","
"
"1","  .. .."
"1",""
"1","$ "
"1",""
"1",""
"1",""
"1",":"
"1"," int [1:2] "
"1",""
"1","190 191"
"1",""
"1","
"
"1","  .. .."
"1",""
"1","$ "
"1",""
"1",""
"1",""
"1",":"
"1"," int [1:3] "
"1",""
"1","192 193 194"
"1",""
"1","
"
"1","  .. .."
"1",""
"1","$ "
"1",""
"1",""
"1",""
"1",":"
"1"," int [1:3] "
"1",""
"1","195 196 197"
"1",""
"1","
"
"1","  .. .."
"1",""
"1","$ "
"1",""
"1",""
"1",""
"1",":"
"1"," int [1:2] "
"1",""
"1","198 199"
"1",""
"1","
"
"1","  .. .."
"1",""
"1","$ "
"1",""
"1",""
"1",""
"1",":"
"1"," int [1:3] "
"1",""
"1","200 201 202"
"1",""
"1","
"
"1","  .. .."
"1",""
"1","$ "
"1",""
"1",""
"1",""
"1",":"
"1"," int [1:4] "
"1",""
"1","203 204 205 206"
"1",""
"1","
"
"1","  .. .."
"1",""
"1","$ "
"1",""
"1",""
"1",""
"1",":"
"1"," int [1:2] "
"1",""
"1","207 208"
"1",""
"1","
"
"1","  .. .."
"1",""
"1","$ "
"1",""
"1",""
"1",""
"1",":"
"1"," int [1:2] "
"1",""
"1","209 210"
"1",""
"1","
"
"1","  .. .."
"1",""
"1","$ "
"1",""
"1",""
"1",""
"1",":"
"1"," int [1:2] "
"1",""
"1","211 212"
"1",""
"1","
"
"1","  .. .."
"1",""
"1","$ "
"1",""
"1",""
"1",""
"1",":"
"1"," int [1:2] "
"1",""
"1","213 214"
"1",""
"1","
"
"1","  .. .."
"1",""
"1","$ "
"1",""
"1",""
"1",""
"1",":"
"1"," int [1:2] "
"1",""
"1","215 216"
"1",""
"1","
"
"1","  .. .."
"1",""
"1","$ "
"1",""
"1",""
"1",""
"1",":"
"1"," int [1:2] "
"1",""
"1","217 218"
"1",""
"1","
"
"1","  .. .."
"1",""
"1","$ "
"1",""
"1",""
"1",""
"1",":"
"1"," int [1:2] "
"1",""
"1","219 220"
"1",""
"1","
"
"1","  .. .."
"1",""
"1","$ "
"1",""
"1",""
"1",""
"1",":"
"1"," int [1:2] "
"1",""
"1","221 222"
"1",""
"1","
"
"1","  .. .."
"1",""
"1","$ "
"1",""
"1",""
"1",""
"1",":"
"1"," int [1:2] "
"1",""
"1","223 224"
"1",""
"1","
"
"1","  .. .."
"1",""
"1","$ "
"1",""
"1",""
"1",""
"1",":"
"1"," int [1:4] "
"1",""
"1","225 226 227 228"
"1",""
"1","
"
"1","  .. .."
"1",""
"1","$ "
"1",""
"1",""
"1",""
"1",":"
"1"," int [1:2] "
"1",""
"1","229 230"
"1",""
"1","
"
"1","  .. .."
"1",""
"1","$ "
"1",""
"1",""
"1",""
"1",":"
"1"," int [1:4] "
"1",""
"1","231 232 233 234"
"1",""
"1","
"
"1","  .. .."
"1",""
"1","$ "
"1",""
"1",""
"1",""
"1",":"
"1"," int [1:3] "
"1",""
"1","235 236 237"
"1",""
"1","
"
"1","  .. .."
"1",""
"1","$ "
"1",""
"1",""
"1",""
"1",":"
"1"," int [1:2] "
"1",""
"1","238 239"
"1",""
"1","
"
"1","  .. .."
"1",""
"1","$ "
"1",""
"1",""
"1",""
"1",":"
"1"," int [1:3] "
"1",""
"1","240 241 242"
"1",""
"1","
"
"1","  .. .."
"1",""
"1","$ "
"1",""
"1",""
"1",""
"1",":"
"1"," int [1:3] "
"1",""
"1","243 244 245"
"1",""
"1","
"
"1","  .. .."
"1",""
"1","$ "
"1",""
"1",""
"1",""
"1",":"
"1"," int [1:2] "
"1",""
"1","246 247"
"1",""
"1","
"
"1","  .. .."
"1",""
"1","$ "
"1",""
"1",""
"1",""
"1",":"
"1"," int [1:2] "
"1",""
"1","248 249"
"1",""
"1","
"
"1","  .. .."
"1"," "
"1","[list output truncated]
"
"1","  .. .."
"1",""
"1","@ "
"1",""
"1","ptype"
"1",""
"1",":"
"1"," int(0) "
"1",""
"1",""
"1",""
"1","
"
"1","  .."
"1",""
"1","- attr(*, "".drop"")="
"1"," logi "
"1",""
"1","TRUE"
"1",""
"1","
"
